<?xml version="1.0" encoding="UTF-8"?>
<!-- Created with TexturePacker http://texturepacker.com-->
<!-- $TexturePacker:SmartUpdate:f112da7b1948e7f42d8ec80c4e973959$ -->
<TextureAtlas imagePath="atlas.png">
    <SubTexture name="background" x="1" y="1" width="640" height="960"/>
    <SubTexture name="benchmark_object" x="1" y="1980" width="64" height="64"/>
    <SubTexture name="brush" x="927" y="1861" width="128" height="124" frameX="0" frameY="-2" frameWidth="128" frameHeight="128"/>
    <SubTexture name="button_back" x="678" y="1937" width="175" height="81"/>
    <SubTexture name="button_big" x="340" y="1937" width="253" height="83"/>
    <SubTexture name="button_medium" x="673" y="1861" width="253" height="75"/>
    <SubTexture name="button_normal" x="66" y="1980" width="253" height="63"/>
    <SubTexture name="button_square" x="594" y="1937" width="83" height="83"/>
    <SubTexture name="flight_00" x="250" y="1305" width="332" height="328" frameX="-82" frameY="-40" frameWidth="440" frameHeight="440"/>
    <SubTexture name="flight_01" x="458" y="962" width="332" height="322" frameX="-82" frameY="-45" frameWidth="440" frameHeight="440"/>
    <SubTexture name="flight_02" x="340" y="1634" width="332" height="302" frameX="-82" frameY="-63" frameWidth="440" frameHeight="440"/>
    <SubTexture name="flight_03" x="916" y="1" width="382" height="286" frameX="-32" frameY="-73" frameWidth="440" frameHeight="440"/>
    <SubTexture name="flight_04" x="1314" y="285" width="402" height="218" frameX="-15" frameY="-135" frameWidth="440" frameHeight="440"/>
    <SubTexture name="flight_05" x="791" y="790" width="332" height="278" frameX="-82" frameY="-133" frameWidth="440" frameHeight="440"/>
    <SubTexture name="flight_06" x="583" y="1285" width="332" height="288" frameX="-82" frameY="-131" frameWidth="440" frameHeight="440"/>
    <SubTexture name="flight_07" x="642" y="507" width="332" height="282" frameX="-82" frameY="-131" frameWidth="440" frameHeight="440"/>
    <SubTexture name="flight_08" x="1124" y="776" width="332" height="260" frameX="-82" frameY="-133" frameWidth="440" frameHeight="440"/>
    <SubTexture name="flight_09" x="916" y="1069" width="332" height="260" frameX="-82" frameY="-137" frameWidth="440" frameHeight="440"/>
    <SubTexture name="flight_10" x="1376" y="504" width="332" height="258" frameX="-82" frameY="-142" frameWidth="440" frameHeight="440"/>
    <SubTexture name="flight_11" x="1709" y="504" width="332" height="252" frameX="-82" frameY="-148" frameWidth="440" frameHeight="440"/>
    <SubTexture name="flight_12" x="916" y="288" width="376" height="218" frameX="-38" frameY="-149" frameWidth="440" frameHeight="440"/>
    <SubTexture name="flight_13" x="975" y="507" width="400" height="268" frameX="-14" frameY="-99" frameWidth="440" frameHeight="440"/>
    <SubTexture name="logo" x="673" y="1574" width="640" height="286"/>
    <SubTexture name="starling_front" x="1" y="1305" width="248" height="339"/>
    <SubTexture name="starling_rocket" x="1314" y="1" width="512" height="283"/>
    <SubTexture name="starling_round" x="1" y="1645" width="338" height="334"/>
    <SubTexture name="starling_sheet" x="1" y="962" width="456" height="342"/>
</TextureAtlas>
