<?xml version="1.0" encoding="UTF-8"?>
<!-- Created with TexturePacker http://texturepacker.com-->
<!-- $TexturePacker:SmartUpdate:7b021c838154e1cd97c67fb241e61dd6$ -->
<TextureAtlas imagePath="tiles.png">
    <SubTexture name="B_1_B" x="2" y="2" width="16" height="16"/>
    <SubTexture name="B_1_L" x="20" y="2" width="16" height="16"/>
    <SubTexture name="B_1_R" x="38" y="2" width="16" height="16"/>
    <SubTexture name="B_1_T" x="56" y="2" width="16" height="16"/>
    <SubTexture name="B_2_BL" x="74" y="2" width="16" height="16"/>
    <SubTexture name="B_2_BR" x="92" y="2" width="16" height="16"/>
    <SubTexture name="B_2_H" x="110" y="2" width="16" height="16"/>
    <SubTexture name="B_2_TL" x="128" y="2" width="16" height="16"/>
    <SubTexture name="B_2_TR" x="146" y="2" width="16" height="16"/>
    <SubTexture name="B_2_V" x="164" y="2" width="16" height="16"/>
    <SubTexture name="B_3_B" x="182" y="2" width="16" height="16"/>
    <SubTexture name="B_3_L" x="200" y="2" width="16" height="16"/>
    <SubTexture name="B_3_R" x="218" y="2" width="16" height="16"/>
    <SubTexture name="B_3_T" x="236" y="2" width="16" height="16"/>
    <SubTexture name="B_4" x="254" y="2" width="16" height="16"/>
    <SubTexture name="B_O" x="272" y="2" width="16" height="16"/>
    <SubTexture name="D_G_1_B" x="290" y="2" width="16" height="16"/>
    <SubTexture name="D_G_1_L" x="308" y="2" width="16" height="16"/>
    <SubTexture name="D_G_1_R" x="326" y="2" width="16" height="16"/>
    <SubTexture name="D_G_1_T" x="344" y="2" width="16" height="16"/>
    <SubTexture name="D_G_2_BL" x="362" y="2" width="16" height="16"/>
    <SubTexture name="D_G_2_BR" x="380" y="2" width="16" height="16"/>
    <SubTexture name="D_G_2_H" x="398" y="2" width="16" height="16"/>
    <SubTexture name="D_G_2_TL" x="416" y="2" width="16" height="16"/>
    <SubTexture name="D_G_2_TR" x="434" y="2" width="16" height="16"/>
    <SubTexture name="D_G_2_V" x="452" y="2" width="16" height="16"/>
    <SubTexture name="D_G_3_B" x="470" y="2" width="16" height="16"/>
    <SubTexture name="D_G_3_L" x="488" y="2" width="16" height="16"/>
    <SubTexture name="D_G_3_R" x="506" y="2" width="16" height="16"/>
    <SubTexture name="D_G_3_T" x="524" y="2" width="16" height="16"/>
    <SubTexture name="D_G_4" x="542" y="2" width="16" height="16"/>
    <SubTexture name="D_O" x="560" y="2" width="16" height="16"/>
    <SubTexture name="G_O" x="578" y="2" width="16" height="16"/>
    <SubTexture name="RCI_BL" x="596" y="2" width="16" height="16"/>
    <SubTexture name="RCI_BR" x="614" y="2" width="16" height="16"/>
    <SubTexture name="RCI_TL" x="632" y="2" width="16" height="16"/>
    <SubTexture name="RCI_TR" x="650" y="2" width="16" height="16"/>
    <SubTexture name="RCO_BL" x="668" y="2" width="16" height="16"/>
    <SubTexture name="RCO_BR" x="686" y="2" width="16" height="16"/>
    <SubTexture name="RCO_TL" x="704" y="2" width="16" height="16"/>
    <SubTexture name="RCO_TR" x="722" y="2" width="16" height="16"/>
    <SubTexture name="R_O_B" x="740" y="2" width="16" height="16"/>
    <SubTexture name="R_O_L" x="758" y="2" width="16" height="16"/>
    <SubTexture name="R_O_R" x="776" y="2" width="16" height="16"/>
    <SubTexture name="R_O_T" x="794" y="2" width="16" height="16"/>
    <SubTexture name="R_W_B" x="812" y="2" width="16" height="16"/>
    <SubTexture name="R_W_L" x="830" y="2" width="16" height="16"/>
    <SubTexture name="R_W_R" x="848" y="2" width="16" height="16"/>
    <SubTexture name="R_W_T" x="866" y="2" width="16" height="16"/>
    <SubTexture name="SCI_BL" x="884" y="2" width="16" height="16"/>
    <SubTexture name="SCI_BL_NR" x="902" y="2" width="16" height="16"/>
    <SubTexture name="SCI_BL_NT" x="920" y="2" width="16" height="16"/>
    <SubTexture name="SCI_BR" x="938" y="2" width="16" height="16"/>
    <SubTexture name="SCI_BR_NL" x="956" y="2" width="16" height="16"/>
    <SubTexture name="SCI_BR_NT" x="974" y="2" width="16" height="16"/>
    <SubTexture name="SCI_TL" x="992" y="2" width="16" height="16"/>
    <SubTexture name="SCI_TL_NB" x="1010" y="2" width="16" height="16"/>
    <SubTexture name="SCI_TL_NR" x="1028" y="2" width="16" height="16"/>
    <SubTexture name="SCI_TR" x="1046" y="2" width="16" height="16"/>
    <SubTexture name="SCI_TR_NB" x="1064" y="2" width="16" height="16"/>
    <SubTexture name="SCI_TR_NL" x="1082" y="2" width="16" height="16"/>
    <SubTexture name="SCO_BL" x="1100" y="2" width="16" height="16"/>
    <SubTexture name="SCO_BR" x="1118" y="2" width="16" height="16"/>
    <SubTexture name="SCO_TL" x="1136" y="2" width="16" height="16"/>
    <SubTexture name="SCO_TR" x="1154" y="2" width="16" height="16"/>
    <SubTexture name="S_B" x="1172" y="2" width="16" height="16"/>
    <SubTexture name="S_L" x="1190" y="2" width="16" height="16"/>
    <SubTexture name="S_O" x="1208" y="2" width="16" height="16"/>
    <SubTexture name="S_R" x="1226" y="2" width="16" height="16"/>
    <SubTexture name="S_T" x="1244" y="2" width="16" height="16"/>
    <SubTexture name="W_G_1_B" x="1262" y="2" width="16" height="16"/>
    <SubTexture name="W_G_1_L" x="1280" y="2" width="16" height="16"/>
    <SubTexture name="W_G_1_R" x="1298" y="2" width="16" height="16"/>
    <SubTexture name="W_G_1_T" x="1316" y="2" width="16" height="16"/>
    <SubTexture name="W_G_2_BL" x="1334" y="2" width="16" height="16"/>
    <SubTexture name="W_G_2_BR" x="1352" y="2" width="16" height="16"/>
    <SubTexture name="W_G_2_H" x="1370" y="2" width="16" height="16"/>
    <SubTexture name="W_G_2_TL" x="1388" y="2" width="16" height="16"/>
    <SubTexture name="W_G_2_TR" x="1406" y="2" width="16" height="16"/>
    <SubTexture name="W_G_2_V" x="1424" y="2" width="16" height="16"/>
    <SubTexture name="W_G_3_B" x="1442" y="2" width="16" height="16"/>
    <SubTexture name="W_G_3_L" x="1460" y="2" width="16" height="16"/>
    <SubTexture name="W_G_3_R" x="1478" y="2" width="16" height="16"/>
    <SubTexture name="W_G_3_T" x="1496" y="2" width="16" height="16"/>
    <SubTexture name="W_G_4" x="1514" y="2" width="16" height="16"/>
    <SubTexture name="W_O" x="1532" y="2" width="16" height="16"/>
    <SubTexture name="black_pixel" x="1550" y="2" width="1" height="1"/>
    <SubTexture name="null" x="1553" y="2" width="16" height="16"/>
    <SubTexture name="temp_player" x="1571" y="2" width="16" height="24"/>
    <SubTexture name="testMap" x="2" y="28" width="1024" height="1024"/>
    <SubTexture name="white_pixel" x="1028" y="28" width="1" height="1"/>
</TextureAtlas>
